Product,Sales
Keyboard,6445843.9897540985
Laptop,6460343.319672131
Monitor,7668923.3299180325
Mouse,6496404.659836066
Phone,6087049.664959016
Tablet,7018132.994877049
Unknown,1064967.0
