Region,Sales
East,9611418.654713115
North,9970991.324795082
South,11632291.324795082
West,10026963.654713115
