,OrderID,Quantity,Sales
count,1000.0,1000.0,1000.0
mean,500.5,5.496,41241.66495901639
std,288.8194360957494,2.8712764109761757,22848.913170181644
min,1.0,1.0,642.0
25%,250.75,3.0,21121.75
50%,500.5,6.0,41241.664959016394
75%,750.25,8.0,60887.0
max,1000.0,10.0,79982.0
